candidate_id,canonical_smiles,tier0.method,tier0.homo_eV,tier0.lumo_eV,tier0.gap_eV,tier0.esp_max_kcal_mol,tier0.esp_min_kcal_mol,tier0.li_binding_eV,tier0.li2s8_binding_eV,tier0.solv_energy_kcal_mol,tier0.dipole_D,tier0.volume_A3,tier0.tpsa_A2,tier0.logp,tier0.mol_weight,tier0.frac_fluorination,tier0.ratio_C_O,tier0.n_conformers,tier0.n_li_sites,tier0.wall_s,tier0.error
GATE-000,C1CCOC1,GFN2-xTB/ALPB(ether),-10.5872,0.3958,10.983076309182,13.057612467273646,-50.468723295757165,-1.7098793902824074,-1.3817617555035595,-4.460009889626684,2.229,77.06400000000002,9.23,0.7968,72.107,0.0,4.0,2,1,5.0,
GATE-001,C1COCO1,GFN2-xTB/ALPB(ether),-11.0649,-0.1783,10.88659864644,18.71745299387,-40.51848126819133,-1.474653864334401,-1.2134570333801256,-4.511769357239944,1.531,69.79200000000002,18.46,-0.0092999999999999,74.079,0.0,1.5,1,2,6.3,
GATE-002,CC(=O)N(C)C,GFN2-xTB/ALPB(ether),-10.4843,-5.471,5.013244572425,27.208101709670327,-73.62450059891755,-2.381826671594681,-1.8973723556783249,-9.217273450598798,5.344,93.73600000000002,20.31,0.0945,87.122,0.0,4.0,1,2,6.0,
GATE-003,CC(N)=O,GFN2-xTB/ALPB(ether),-10.7889,-5.5655,5.223403500164,43.398134794856375,-71.60630462843581,-2.335191381539298,-1.826608078705382,-9.360755083207351,4.979,59.920000000000016,43.09,-0.5084000000000002,59.068,0.0,2.0,1,2,4.7,
GATE-004,CN(C)C(=O)N(C)C,GFN2-xTB/ALPB(ether),-10.0302,-5.1547,4.875481412386,20.89118973768776,-75.06893328178968,-2.442713978394633,-1.956068107961496,-10.80591911644884,4.916,122.40800000000004,23.550000000000004,0.2296,116.164,0.0,5.0,1,3,15.2,
GATE-005,CN(C)C=O,GFN2-xTB/ALPB(ether),-10.7633,-5.7371,5.026244791579,27.84348642763292,-70.42079490475157,-2.263371269174091,-1.806005581892551,-7.907701034493353,5.404,77.29600000000002,20.31,-0.2956000000000001,73.095,0.0,3.0,1,2,5.6,
GATE-006,CN1CCN(C)C1=O,GFN2-xTB/ALPB(ether),-10.0157,-4.7395,5.276155536867,21.696140065731683,-76.42462984993458,-2.397693160783518,-1.908876907054098,-10.788867157057892,5.464,112.66400000000004,23.55,-0.0163999999999999,114.14799999999998,0.0,5.0,2,3,9.1,
GATE-007,COCCOC,GFN2-xTB/ALPB(ether),-10.9794,-0.1015,10.877958832116,17.97253022211495,-44.79678438650088,-2.665512841918245,-1.529867160060021,-6.049110630994901,2.309,97.17600000000002,18.46,0.2792,90.122,0.0,2.0,7,2,5.4,
GATE-008,COCCOCCOC,GFN2-xTB/ALPB(ether),-10.9758,-0.643,10.332786772861,15.563533901376193,-42.26754470034215,-2.5591666114404634,-1.3897239949050717,-9.108531784140103,1.434,139.99200000000005,27.69,0.2958,134.175,0.0,2.0,9,3,12.9,
GATE-009,COCCOCCOCCOC,GFN2-xTB/ALPB(ether),-10.7585,0.5042,11.262735632956,14.292318933724422,-53.75602580205782,-2.8328888441640294,-2.707734576528397,-12.65084430699904,1.598,182.77600000000004,36.92,0.3124,178.22799999999998,0.0,2.0,10,4,24.4,
GATE-010,COCCOCCOCCOCCOC,GFN2-xTB/ALPB(ether),-10.7781,-0.9059,9.872205400935,18.437295114079784,-47.652605103341,-2.574437967013006,-2.112488992393797,-15.514894662499271,2.929,225.31200000000004,46.150000000000006,0.3290000000000008,222.28099999999995,0.0,2.0,10,4,21.3,
GATE-011,CS(C)=O,GFN2-xTB/ALPB(ether),-10.4331,-5.2525,5.180521590957,36.10193781274568,-67.2981257840661,-2.7302254774774024,-2.23100139412419,-7.815613264908206,4.657,72.17600000000002,17.07,-0.0052999999999999,78.136,0.0,2.0,1,2,8.8,
GATE-012,O=C1CCCCCN1,GFN2-xTB/ALPB(ether),-10.5748,-5.5642,5.010626203071,32.96554505986245,-73.99043902381219,-2.3745042303885184,-1.893831531105386,-10.32973201967792,5.465,115.92800000000004,29.1,0.6766000000000001,113.16,0.0,6.0,7,2,8.1,
GATE-013,O=S1(=O)CCCC1,GFN2-xTB/ALPB(ether),-11.1262,-3.7175,7.408712081328,39.42051539123364,-64.5481784656899,-2.9220680835886967,-2.187788836477116,-11.483328770143892,6.645,102.16000000000004,34.14,0.195,120.173,0.0,2.0,2,3,9.2,
GATE-000,FC(F)C(F)(F)COC(F)(F)C(F)F,GFN2-xTB/ALPB(ether),-13.5747,-2.9176,10.65712927494,50.45673786480256,-29.06001394462009,-1.569756078255365,-1.1825046818356975,-6.4193034163838645,3.078,146.79200000000003,9.23,2.7613000000000003,232.06999999999996,0.6666666666666666,5.0,10,1,8.1,
