set,descriptor,agg,n,spearman,p_value,expected_sign
all_molecular,tier0.li2s8_binding_eV,min,27,0.084,0.6754,-1
all_molecular,tier0.li2s8_binding_eV,mean,27,-0.072,0.7227,-1
all_molecular,tier0.li_binding_eV,min,27,0.4,0.0387,-1
all_molecular,tier0.li_binding_eV,mean,27,0.104,0.6053,-1
all_molecular,tier0.esp_min_kcal_mol,min,27,-0.428,0.0258,-1
all_molecular,tier0.esp_min_kcal_mol,mean,27,-0.564,0.0022,-1
all_molecular,tier0.esp_max_kcal_mol,min,27,0.101,0.6152,-1
all_molecular,tier0.esp_max_kcal_mol,mean,27,-0.008,0.9703,-1
all_molecular,tier0.gap_eV,min,27,-0.337,0.0853,0
all_molecular,tier0.gap_eV,mean,27,-0.372,0.056,0
all_molecular,tier0.homo_eV,min,27,0.584,0.0014,0
all_molecular,tier0.homo_eV,mean,27,0.667,0.0001,0
all_molecular,tier0.lumo_eV,min,27,-0.337,0.0856,0
all_molecular,tier0.lumo_eV,mean,27,-0.324,0.0992,0
all_molecular,tier0.dipole_D,min,27,0.218,0.2747,1
all_molecular,tier0.dipole_D,mean,27,0.254,0.201,1
all_molecular,tier0.solv_energy_kcal_mol,min,27,0.283,0.1529,-1
all_molecular,tier0.solv_energy_kcal_mol,mean,27,0.187,0.3498,-1
all_molecular,tier0.tpsa_A2,min,27,0.027,0.8939,0
all_molecular,tier0.tpsa_A2,mean,27,-0.331,0.0917,0
all_molecular,tier0.logp,min,27,-0.371,0.0571,0
all_molecular,tier0.logp,mean,27,-0.632,0.0004,0
all_molecular,tier0.ratio_C_O,min,27,0.213,0.2864,0
all_molecular,tier0.ratio_C_O,mean,27,0.135,0.5009,0
all_molecular,tier0.frac_fluorination,min,27,,,0
all_molecular,tier0.frac_fluorination,mean,27,-0.469,0.0135,0
salt<=1.0M,tier0.li2s8_binding_eV,min,14,-0.403,0.1532,-1
salt<=1.0M,tier0.li2s8_binding_eV,mean,14,-0.51,0.0627,-1
salt<=1.0M,tier0.li_binding_eV,min,14,0.333,0.2452,-1
salt<=1.0M,tier0.li_binding_eV,mean,14,-0.322,0.2612,-1
salt<=1.0M,tier0.esp_min_kcal_mol,min,14,-0.53,0.0512,-1
salt<=1.0M,tier0.esp_min_kcal_mol,mean,14,-0.708,0.0046,-1
salt<=1.0M,tier0.esp_max_kcal_mol,min,14,0.504,0.0661,-1
salt<=1.0M,tier0.esp_max_kcal_mol,mean,14,0.264,0.3613,-1
salt<=1.0M,tier0.gap_eV,min,14,-0.271,0.3483,0
salt<=1.0M,tier0.gap_eV,mean,14,-0.554,0.0398,0
salt<=1.0M,tier0.homo_eV,min,14,0.72,0.0037,0
salt<=1.0M,tier0.homo_eV,mean,14,0.761,0.0016,0
salt<=1.0M,tier0.lumo_eV,min,14,-0.314,0.2749,0
salt<=1.0M,tier0.lumo_eV,mean,14,-0.485,0.0788,0
salt<=1.0M,tier0.dipole_D,min,14,0.694,0.0059,1
salt<=1.0M,tier0.dipole_D,mean,14,0.699,0.0054,1
salt<=1.0M,tier0.solv_energy_kcal_mol,min,14,-0.258,0.3735,-1
salt<=1.0M,tier0.solv_energy_kcal_mol,mean,14,-0.416,0.1392,-1
salt<=1.0M,tier0.tpsa_A2,min,14,0.049,0.8668,0
salt<=1.0M,tier0.tpsa_A2,mean,14,-0.079,0.7877,0
salt<=1.0M,tier0.logp,min,14,0.168,0.5654,0
salt<=1.0M,tier0.logp,mean,14,-0.583,0.0286,0
salt<=1.0M,tier0.ratio_C_O,min,14,0.707,0.0047,0
salt<=1.0M,tier0.ratio_C_O,mean,14,0.593,0.0253,0
salt<=1.0M,tier0.frac_fluorination,min,14,,,0
salt<=1.0M,tier0.frac_fluorination,mean,14,,,0
