system_id,system,category,solvent,solvent_smiles,solubility_mM_S,n_values,temperature_C,salt,salt_conc,salt_M,diluent,tier0.li2s8_binding_eV|min,tier0.li2s8_binding_eV|mean,tier0.li_binding_eV|min,tier0.li_binding_eV|mean,tier0.esp_min_kcal_mol|min,tier0.esp_min_kcal_mol|mean,tier0.esp_max_kcal_mol|min,tier0.esp_max_kcal_mol|mean,tier0.gap_eV|min,tier0.gap_eV|mean,tier0.homo_eV|min,tier0.homo_eV|mean,tier0.lumo_eV|min,tier0.lumo_eV|mean,tier0.dipole_D|min,tier0.dipole_D|mean,tier0.solv_energy_kcal_mol|min,tier0.solv_energy_kcal_mol|mean,tier0.tpsa_A2|min,tier0.tpsa_A2|mean,tier0.logp|min,tier0.logp|mean,tier0.ratio_C_O|min,tier0.ratio_C_O|mean,tier0.frac_fluorination|min,tier0.frac_fluorination|mean
J21-03,THF,MSE,THF,C1CCOC1,10000.00000000001,1,25,,,0.0,,-1.3817617555035595,-1.3817617555035595,-1.7098793902824074,-1.7098793902824074,-50.468723295757165,-50.468723295757165,13.057612467273646,13.057612467273646,10.983076309182,10.983076309182,-10.5872,-10.5872,0.3958,0.3958,2.229,2.229,-4.460009889626684,-4.460009889626684,9.23,9.23,0.7968,0.7968,4.0,4.0,0.0,0.0
J21-05,DOL/DME (1:1 v/v),MSE,DOL/DME,C1COCO1.COCCOC,6344.308455451072,3,25,,,0.0,,-1.529867160060021,-1.3716620967200734,-2.665512841918245,-2.070083353126323,-44.79678438650088,-42.657632827346106,17.97253022211495,18.344991607992476,10.877958832116,10.882278739278,-11.0649,-11.02215,-0.1783,-0.1399,1.531,1.92,-6.049110630994901,-5.2804399941174225,18.46,18.46,-0.0092999999999999,0.13495000000000004,1.5,1.75,0.0,0.0
J21-06,1 M LiTFSI in DOL/DME (1:1 v/v),MSE,DOL/DME,C1COCO1.COCCOC,3999.9999999999995,1,25,LiTFSI,1 M,1.0,,-1.529867160060021,-1.3716620967200734,-2.665512841918245,-2.070083353126323,-44.79678438650088,-42.657632827346106,17.97253022211495,18.344991607992476,10.877958832116,10.882278739278,-11.0649,-11.02215,-0.1783,-0.1399,1.531,1.92,-6.049110630994901,-5.2804399941174225,18.46,18.46,-0.0092999999999999,0.13495000000000004,1.5,1.75,0.0,0.0
J21-07,1 M LiTFSI + 0.2 M LiNO3 in DOL/DME (1:1 v/v),MSE,DOL/DME,C1COCO1.COCCOC,6600.0,1,25,LiTFSI + LiNO3,1 M + 0.2 M,1.0,,-1.529867160060021,-1.3716620967200734,-2.665512841918245,-2.070083353126323,-44.79678438650088,-42.657632827346106,17.97253022211495,18.344991607992476,10.877958832116,10.882278739278,-11.0649,-11.02215,-0.1783,-0.1399,1.531,1.92,-6.049110630994901,-5.2804399941174225,18.46,18.46,-0.0092999999999999,0.13495000000000004,1.5,1.75,0.0,0.0
J21-08,0.98 M LiTFSI in G4,MSE,G4,COCCOCCOCCOCCOC,6046.000000000005,1,25,LiTFSI,0.98 M,0.98,,-2.112488992393797,-2.112488992393797,-2.574437967013006,-2.574437967013006,-47.652605103341,-47.652605103341,18.437295114079784,18.437295114079784,9.872205400935,9.872205400935,-10.7781,-10.7781,-0.9059,-0.9059,2.929,2.929,-15.514894662499271,-15.514894662499271,46.150000000000006,46.150000000000006,0.3290000000000008,0.3290000000000008,2.0,2.0,0.0,0.0
J21-09,Li(G3)4-TFSI,MSE,G3,COCCOCCOCCOC,5888.999999999999,1,25,LiTFSI,1:4 Li:G3,3.0,,-2.707734576528397,-2.707734576528397,-2.8328888441640294,-2.8328888441640294,-53.75602580205782,-53.75602580205782,14.292318933724422,14.292318933724422,11.262735632956,11.262735632956,-10.7585,-10.7585,0.5042,0.5042,1.598,1.598,-12.65084430699904,-12.65084430699904,36.92,36.92,0.3124,0.3124,2.0,2.0,0.0,0.0
J21-10,Li(G4)4-TFSI,MSE,G4,COCCOCCOCCOCCOC,5999.999999999995,1,25,LiTFSI,1:4 Li:G4,3.0,,-2.112488992393797,-2.112488992393797,-2.574437967013006,-2.574437967013006,-47.652605103341,-47.652605103341,18.437295114079784,18.437295114079784,9.872205400935,9.872205400935,-10.7781,-10.7781,-0.9059,-0.9059,2.929,2.929,-15.514894662499271,-15.514894662499271,46.150000000000006,46.150000000000006,0.3290000000000008,0.3290000000000008,2.0,2.0,0.0,0.0
J21-11,Li(THF)4-TFSI,MSE,THF,C1CCOC1,1386.9999999999995,1,25,LiTFSI,1:4 Li:THF,3.0,,-1.3817617555035595,-1.3817617555035595,-1.7098793902824074,-1.7098793902824074,-50.468723295757165,-50.468723295757165,13.057612467273646,13.057612467273646,10.983076309182,10.983076309182,-10.5872,-10.5872,0.3958,0.3958,2.229,2.229,-4.460009889626684,-4.460009889626684,9.23,9.23,0.7968,0.7968,4.0,4.0,0.0,0.0
J21-12,Li(G3)1-NO3 (4.77 M),MSE,G3,COCCOCCOCCOC,5999.999999999995,1,25,LiNO3,4.77 M,4.77,,-2.707734576528397,-2.707734576528397,-2.8328888441640294,-2.8328888441640294,-53.75602580205782,-53.75602580205782,14.292318933724422,14.292318933724422,11.262735632956,11.262735632956,-10.7585,-10.7585,0.5042,0.5042,1.598,1.598,-12.65084430699904,-12.65084430699904,36.92,36.92,0.3124,0.3124,2.0,2.0,0.0,0.0
J21-20,Li(G3)1-TFSI,SSE,G3,COCCOCCOCCOC,29.000000000000004,1,25,LiTFSI,1:1 Li:G3 (solvate ionic liquid),3.0,,-2.707734576528397,-2.707734576528397,-2.8328888441640294,-2.8328888441640294,-53.75602580205782,-53.75602580205782,14.292318933724422,14.292318933724422,11.262735632956,11.262735632956,-10.7585,-10.7585,0.5042,0.5042,1.598,1.598,-12.65084430699904,-12.65084430699904,36.92,36.92,0.3124,0.3124,2.0,2.0,0.0,0.0
J21-21,Li(G4)1-TFSI,SSE,G4,COCCOCCOCCOCCOC,62.00000000000001,1,25,LiTFSI,1:1 Li:G4 (solvate ionic liquid),3.0,,-2.112488992393797,-2.112488992393797,-2.574437967013006,-2.574437967013006,-47.652605103341,-47.652605103341,18.437295114079784,18.437295114079784,9.872205400935,9.872205400935,-10.7781,-10.7781,-0.9059,-0.9059,2.929,2.929,-15.514894662499271,-15.514894662499271,46.150000000000006,46.150000000000006,0.3290000000000008,0.3290000000000008,2.0,2.0,0.0,0.0
J21-22,Li(G4)1-TFSI/HFE (1:4 mol),SSE,G4,COCCOCCOCCOCCOC,10.000000000000002,1,25,LiTFSI,"1:1 Li:G4, diluted 1:4 with HFE",3.0,HFE,-2.112488992393797,-1.6474968371147471,-2.574437967013006,-2.0720970226341855,-47.652605103341,-38.35630952398054,18.437295114079784,34.447016489441175,9.872205400935,10.2646673379375,-13.5747,-12.176400000000001,-2.9176,-1.91175,2.929,3.0035,-15.514894662499271,-10.967099039441567,9.23,27.690000000000005,0.3290000000000008,1.5451500000000005,2.0,3.5,0.0,0.3333333333333333
J21-23,Li(G2)4/3-TFSI,SSE,G2,COCCOCCOC,61.00000000000001,1,25,LiTFSI,1:4/3 Li:G2,3.0,,-1.3897239949050717,-1.3897239949050717,-2.5591666114404634,-2.5591666114404634,-42.26754470034215,-42.26754470034215,15.563533901376193,15.563533901376193,10.332786772861,10.332786772861,-10.9758,-10.9758,-0.643,-0.643,1.434,1.434,-9.108531784140103,-9.108531784140103,27.69,27.69,0.2958,0.2958,2.0,2.0,0.0,0.0
J21-24,Li(G1)2-TFSI,SSE,G1,COCCOC,201.0,1,25,LiTFSI,1:2 Li:G1,3.0,,-1.529867160060021,-1.529867160060021,-2.665512841918245,-2.665512841918245,-44.79678438650088,-44.79678438650088,17.97253022211495,17.97253022211495,10.877958832116,10.877958832116,-10.9794,-10.9794,-0.1015,-0.1015,2.309,2.309,-6.049110630994901,-6.049110630994901,18.46,18.46,0.2792,0.2792,2.0,2.0,0.0,0.0
J21-25,1.5 M LiTFSI in tetramethylene sulfone/TTE (1:1 v/v),SSE,tetramethylene sulfone,O=S1(=O)CCCC1,263.99999999999994,1,25,LiTFSI,1.5 M,1.5,TTE,-2.187788836477116,-1.6851467591564067,-2.9220680835886967,-2.245912080922031,-64.5481784656899,-46.80409620515499,39.42051539123364,44.9386266280181,7.408712081328,9.032920678134001,-13.5747,-12.35045,-3.7175,-3.3175499999999998,3.078,4.8614999999999995,-11.483328770143892,-8.951316093263879,9.23,21.685000000000002,0.195,1.47815,2.0,3.5,0.0,0.3333333333333333
J21-28,1 M LiTDI in DOL/DME (1:1 v/v) (30 C),SSE,DOL/DME,C1COCO1.COCCOC,672.0,1,30,LiTDI,1 M,1.0,,-1.529867160060021,-1.3716620967200734,-2.665512841918245,-2.070083353126323,-44.79678438650088,-42.657632827346106,17.97253022211495,18.344991607992476,10.877958832116,10.882278739278,-11.0649,-11.02215,-0.1783,-0.1399,1.531,1.92,-6.049110630994901,-5.2804399941174225,18.46,18.46,-0.0092999999999999,0.13495000000000004,1.5,1.75,0.0,0.0
J21-32,(SL)2-LiTFSI (2.97 M),SSE,SL,O=S1(=O)CCCC1,52.00000000000001,1,25,LiTFSI,2.97 M (1:2 Li:sulfolane),2.97,,-2.187788836477116,-2.187788836477116,-2.9220680835886967,-2.9220680835886967,-64.5481784656899,-64.5481784656899,39.42051539123364,39.42051539123364,7.408712081328,7.408712081328,-11.1262,-11.1262,-3.7175,-3.7175,6.645,6.645,-11.483328770143892,-11.483328770143892,34.14,34.14,0.195,0.195,2.0,2.0,0.0,0.0
J21-33,(SL)2-LiTFSI/HFE (1:4 mol),SSE,SL,O=S1(=O)CCCC1,1.0,1,25,LiTFSI,"1:2 Li:SL, diluted 1:4 with HFE",3.0,HFE,-2.187788836477116,-1.6851467591564067,-2.9220680835886967,-2.245912080922031,-64.5481784656899,-46.80409620515499,39.42051539123364,44.9386266280181,7.408712081328,9.032920678134001,-13.5747,-12.35045,-3.7175,-3.3175499999999998,3.078,4.8614999999999995,-11.483328770143892,-8.951316093263879,9.23,21.685000000000002,0.195,1.47815,2.0,3.5,0.0,0.3333333333333333
J21-34,TMU/DOL (1:1 v/v),HSE,TMU/DOL,CN(C)C(=O)N(C)C.C1COCO1,10499.999999999993,1,25,,,0.0,,-1.956068107961496,-1.5847625706708108,-2.442713978394633,-1.9586839213645169,-75.06893328178968,-57.79370727499051,18.71745299387,19.804321365778883,4.875481412386,7.881040029413,-11.0649,-10.547550000000001,-5.1547,-2.6665,1.531,3.2235,-10.80591911644884,-7.658844236844391,18.46,21.005000000000003,-0.0092999999999999,0.11015000000000005,1.5,3.25,0.0,0.0
J21-35,CPL/acetamide (1:1 mol),HSE,CPL/acetamide,O=C1CCCCCN1.CC(N)=O,5600.000000000005,1,25,,,0.0,,-1.893831531105386,-1.860219804905384,-2.3745042303885184,-2.3548478059639084,-73.99043902381219,-72.798371826124,32.96554505986245,38.18183992735941,5.010626203071,5.1170148516175,-10.7889,-10.68185,-5.5655,-5.56485,4.979,5.2219999999999995,-10.32973201967792,-9.845243551442636,29.1,36.095,-0.5084000000000002,0.08409999999999995,2.0,4.0,0.0,0.0
J21-36,CPL/acetamide : DOL/DME (1:1 v/v),HSE,CPL/acetamide + DOL/DME,O=C1CCCCCN1.CC(N)=O.C1COCO1.COCCOC,5000.000000000004,1,25,,,0.0,,-1.893831531105386,-1.6159409508127287,-2.665512841918245,-2.212465579545116,-73.99043902381219,-57.72800232673505,17.97253022211495,28.263415767675944,5.010626203071,7.999646795447751,-11.0649,-10.852,-5.5655,-2.852375,1.531,3.5709999999999997,-10.32973201967792,-7.562841772780029,18.46,27.277500000000003,-0.5084000000000002,0.10952500000000001,1.5,2.875,0.0,0.0
J21-37,DMSO30:LiTf (0.5 M LiTf),HSE,DMSO,CS(C)=O,10000.00000000001,1,25,LiTf,0.5 M,0.5,,-2.23100139412419,-2.23100139412419,-2.7302254774774024,-2.7302254774774024,-67.2981257840661,-67.2981257840661,36.10193781274568,36.10193781274568,5.180521590957,5.180521590957,-10.4331,-10.4331,-5.2525,-5.2525,4.657,4.657,-7.815613264908206,-7.815613264908206,17.07,17.07,-0.0052999999999999,-0.0052999999999999,2.0,2.0,0.0,0.0
J21-38,DMSO10:NH4NO3,HSE,DMSO,CS(C)=O,5999.999999999995,1,25,NH4NO3,1:10 NH4NO3:DMSO,3.0,,-2.23100139412419,-2.23100139412419,-2.7302254774774024,-2.7302254774774024,-67.2981257840661,-67.2981257840661,36.10193781274568,36.10193781274568,5.180521590957,5.180521590957,-10.4331,-10.4331,-5.2525,-5.2525,4.657,4.657,-7.815613264908206,-7.815613264908206,17.07,17.07,-0.0052999999999999,-0.0052999999999999,2.0,2.0,0.0,0.0
J21-39,DMSO,HSE,DMSO,CS(C)=O,14250.000000000007,1,25,,,0.0,,-2.23100139412419,-2.23100139412419,-2.7302254774774024,-2.7302254774774024,-67.2981257840661,-67.2981257840661,36.10193781274568,36.10193781274568,5.180521590957,5.180521590957,-10.4331,-10.4331,-5.2525,-5.2525,4.657,4.657,-7.815613264908206,-7.815613264908206,17.07,17.07,-0.0052999999999999,-0.0052999999999999,2.0,2.0,0.0,0.0
J21-40,DMI,HSE,DMI,CN1CCN(C)C1=O,36000.00000000002,1,25,,,0.0,,-1.908876907054098,-1.908876907054098,-2.397693160783518,-2.397693160783518,-76.42462984993458,-76.42462984993458,21.696140065731683,21.696140065731683,5.276155536867,5.276155536867,-10.0157,-10.0157,-4.7395,-4.7395,5.464,5.464,-10.788867157057892,-10.788867157057892,23.55,23.55,-0.0163999999999999,-0.0163999999999999,5.0,5.0,0.0,0.0
J21-41,DMF,HSE,DMF,CN(C)C=O,32000.000000000007,1,25,,,0.0,,-1.806005581892551,-1.806005581892551,-2.263371269174091,-2.263371269174091,-70.42079490475157,-70.42079490475157,27.84348642763292,27.84348642763292,5.026244791579,5.026244791579,-10.7633,-10.7633,-5.7371,-5.7371,5.404,5.404,-7.907701034493353,-7.907701034493353,20.31,20.31,-0.2956000000000001,-0.2956000000000001,3.0,3.0,0.0,0.0
J21-42,DMA,HSE,DMA,CN(C)C(C)=O,32000.000000000007,1,25,,,0.0,,-1.8973723556783249,-1.8973723556783249,-2.381826671594681,-2.381826671594681,-73.62450059891755,-73.62450059891755,27.208101709670327,27.208101709670327,5.013244572425,5.013244572425,-10.4843,-10.4843,-5.471,-5.471,5.344,5.344,-9.217273450598798,-9.217273450598798,20.31,20.31,0.0945,0.0945,4.0,4.0,0.0,0.0
