canonical_smiles,ptb_homo_eV,ptb_lumo_eV,ptb_gap_eV,ptb_dipole_D,tier0.homo_eV,tier0.lumo_eV,tier0.gap_eV,tier0.dipole_D,tier0.esp_min_kcal_mol
C1CCOC1,-10.0329,4.3423,14.3752,1.8933,-10.5872,0.3958,10.983076309182,2.229,-50.468723295757165
C1COCO1,-10.1816,4.8079,14.9895,1.2785,-11.0649,-0.1783,10.88659864644,1.531,-40.51848126819133
CC(=O)N(C)C,-9.427,3.0381,12.4651,4.6063,-10.4843,-5.471,5.013244572425,5.344,-73.62450059891755
CC(N)=O,-9.6022,3.0454,12.6476,4.3108,-10.7889,-5.5655,5.223403500164,4.979,-71.60630462843581
CN(C)C(=O)N(C)C,-8.5822,3.2105,11.7927,4.0407,-10.0302,-5.1547,4.875481412386,4.916,-75.06893328178968
CN(C)C=O,-9.5761,3.0654,12.6415,4.6586,-10.7633,-5.7371,5.026244791579,5.404,-70.42079490475157
CN1CCN(C)C1=O,-8.3179,3.9321,12.25,4.6049,-10.0157,-4.7395,5.276155536867,5.464,-76.42462984993458
COCCOC,-10.0623,4.241,14.3033,2.1014,-10.9794,-0.1015,10.877958832116,2.309,-44.79678438650088
COCCOCCOC,-10.0662,3.7327,13.7989,1.3494,-10.9758,-0.643,10.332786772861,1.434,-42.26754470034215
COCCOCCOCCOC,-10.0722,4.0408,14.113,1.4833,-10.7585,0.5042,11.262735632956,1.598,-53.75602580205782
COCCOCCOCCOCCOC,-10.0443,3.4586,13.5029,2.6023,-10.7781,-0.9059,9.872205400935,2.929,-47.652605103341
CS(C)=O,-9.7443,1.5769,11.321200000000001,4.6566,-10.4331,-5.2525,5.180521590957,4.657,-67.2981257840661
O=C1CCCCCN1,-9.61,2.6659,12.2759,4.6412,-10.5748,-5.5642,5.010626203071,5.465,-73.99043902381219
O=S1(=O)CCCC1,-11.2651,1.3517,12.6168,6.2534,-11.1262,-3.7175,7.408712081328,6.645,-64.5481784656899
FC(F)C(F)(F)COC(F)(F)C(F)F,-12.2884,2.2049,14.4933,2.1545,-13.5747,-2.9176,10.65712927494,3.078,-29.06001394462009
