system_id,system,category,solvent,solvent_smiles,diluent,salt,salt_conc,temperature_C,species,solubility_mM_S,approx,ref,note,source
J21-01,DME,MSE,DME,COCCOC,,,,25,S8,9.957,False,81,,"Liu et al., Joule 5, 2323 (2021), Table 1"
J21-01,DME,MSE,DME,COCCOC,,,,25,Li2S,0.006,False,81,,"Liu et al., Joule 5, 2323 (2021), Table 1"
J21-02,DOL,MSE,DOL,C1COCO1,,,,25,Li2S,0.0209,False,82,Li2S8 given as '-' in the table,"Liu et al., Joule 5, 2323 (2021), Table 1"
J21-03,THF,MSE,THF,C1CCOC1,,,,25,Li2S8,10000,True,70,,"Liu et al., Joule 5, 2323 (2021), Table 1"
J21-03,THF,MSE,THF,C1CCOC1,,,,25,Li2S6,6500,True,70,,"Liu et al., Joule 5, 2323 (2021), Table 1"
J21-03,THF,MSE,THF,C1CCOC1,,,,25,Li2S4,600,True,70,,"Liu et al., Joule 5, 2323 (2021), Table 1"
J21-03,THF,MSE,THF,C1CCOC1,,,,25,Li2S3,300,True,70,,"Liu et al., Joule 5, 2323 (2021), Table 1"
J21-03,THF,MSE,THF,C1CCOC1,,,,25,Li2S2,100,True,70,,"Liu et al., Joule 5, 2323 (2021), Table 1"
J21-04,C4mpyr-Tf,MSE,C4mpyr-Tf (ionic liquid),,,,,25,Li2S8,7660,False,72,N-butyl-N-methylpyrrolidinium triflate,"Liu et al., Joule 5, 2323 (2021), Table 1"
J21-05,DOL/DME (1:1 v/v),MSE,DOL/DME,C1COCO1.COCCOC,,,,25,S8,10,False,72,"three literature values for Li2S8, two for Li2S6","Liu et al., Joule 5, 2323 (2021), Table 1"
J21-05,DOL/DME (1:1 v/v),MSE,DOL/DME,C1COCO1.COCCOC,,,,25,Li2S8,7000,False,83,"three literature values for Li2S8, two for Li2S6","Liu et al., Joule 5, 2323 (2021), Table 1"
J21-05,DOL/DME (1:1 v/v),MSE,DOL/DME,C1COCO1.COCCOC,,,,25,Li2S8,5700,True,70,"three literature values for Li2S8, two for Li2S6","Liu et al., Joule 5, 2323 (2021), Table 1"
J21-05,DOL/DME (1:1 v/v),MSE,DOL/DME,C1COCO1.COCCOC,,,,25,Li2S8,6400,True,84,"three literature values for Li2S8, two for Li2S6","Liu et al., Joule 5, 2323 (2021), Table 1"
J21-05,DOL/DME (1:1 v/v),MSE,DOL/DME,C1COCO1.COCCOC,,,,25,Li2S6,6000,False,83,"three literature values for Li2S8, two for Li2S6","Liu et al., Joule 5, 2323 (2021), Table 1"
J21-05,DOL/DME (1:1 v/v),MSE,DOL/DME,C1COCO1.COCCOC,,,,25,Li2S6,1100,True,70,"three literature values for Li2S8, two for Li2S6","Liu et al., Joule 5, 2323 (2021), Table 1"
J21-05,DOL/DME (1:1 v/v),MSE,DOL/DME,C1COCO1.COCCOC,,,,25,Li2S4,2000,False,83,"three literature values for Li2S8, two for Li2S6","Liu et al., Joule 5, 2323 (2021), Table 1"
J21-06,1 M LiTFSI in DOL/DME (1:1 v/v),MSE,DOL/DME,C1COCO1.COCCOC,,LiTFSI,1 M,25,Li2S8,4000,False,85,,"Liu et al., Joule 5, 2323 (2021), Table 1"
J21-07,1 M LiTFSI + 0.2 M LiNO3 in DOL/DME (1:1 v/v),MSE,DOL/DME,C1COCO1.COCCOC,,LiTFSI + LiNO3,1 M + 0.2 M,25,Li2S8,6600,False,44,,"Liu et al., Joule 5, 2323 (2021), Table 1"
J21-08,0.98 M LiTFSI in G4,MSE,G4,COCCOCCOCCOCCOC,,LiTFSI,0.98 M,25,S8,4,False,73,G4 = tetraglyme (TEGDME),"Liu et al., Joule 5, 2323 (2021), Table 1"
J21-08,0.98 M LiTFSI in G4,MSE,G4,COCCOCCOCCOCCOC,,LiTFSI,0.98 M,25,Li2S8,6046,False,73,G4 = tetraglyme (TEGDME),"Liu et al., Joule 5, 2323 (2021), Table 1"
J21-08,0.98 M LiTFSI in G4,MSE,G4,COCCOCCOCCOCCOC,,LiTFSI,0.98 M,25,Li2S4,34.1,False,73,G4 = tetraglyme (TEGDME),"Liu et al., Joule 5, 2323 (2021), Table 1"
J21-08,0.98 M LiTFSI in G4,MSE,G4,COCCOCCOCCOCCOC,,LiTFSI,0.98 M,25,Li2S2,13.9,False,73,G4 = tetraglyme (TEGDME),"Liu et al., Joule 5, 2323 (2021), Table 1"
J21-08,0.98 M LiTFSI in G4,MSE,G4,COCCOCCOCCOCCOC,,LiTFSI,0.98 M,25,Li2S,0.8,False,73,G4 = tetraglyme (TEGDME),"Liu et al., Joule 5, 2323 (2021), Table 1"
J21-09,Li(G3)4-TFSI,MSE,G3,COCCOCCOCCOC,,LiTFSI,1:4 Li:G3,25,S8,3.1,True,86,G3 = triglyme,"Liu et al., Joule 5, 2323 (2021), Table 1"
J21-09,Li(G3)4-TFSI,MSE,G3,COCCOCCOCCOC,,LiTFSI,1:4 Li:G3,25,Li2S8,5889,True,86,G3 = triglyme,"Liu et al., Joule 5, 2323 (2021), Table 1"
J21-09,Li(G3)4-TFSI,MSE,G3,COCCOCCOCCOC,,LiTFSI,1:4 Li:G3,25,Li2S4,31,True,86,G3 = triglyme,"Liu et al., Joule 5, 2323 (2021), Table 1"
J21-09,Li(G3)4-TFSI,MSE,G3,COCCOCCOCCOC,,LiTFSI,1:4 Li:G3,25,Li2S2,13,True,86,G3 = triglyme,"Liu et al., Joule 5, 2323 (2021), Table 1"
J21-09,Li(G3)4-TFSI,MSE,G3,COCCOCCOCCOC,,LiTFSI,1:4 Li:G3,25,Li2S,1,True,86,G3 = triglyme,"Liu et al., Joule 5, 2323 (2021), Table 1"
J21-10,Li(G4)4-TFSI,MSE,G4,COCCOCCOCCOCCOC,,LiTFSI,1:4 Li:G4,25,S8,4,True,86,,"Liu et al., Joule 5, 2323 (2021), Table 1"
J21-10,Li(G4)4-TFSI,MSE,G4,COCCOCCOCCOCCOC,,LiTFSI,1:4 Li:G4,25,Li2S8,6000,False,86,,"Liu et al., Joule 5, 2323 (2021), Table 1"
J21-10,Li(G4)4-TFSI,MSE,G4,COCCOCCOCCOCCOC,,LiTFSI,1:4 Li:G4,25,Li2S4,34,True,86,,"Liu et al., Joule 5, 2323 (2021), Table 1"
J21-10,Li(G4)4-TFSI,MSE,G4,COCCOCCOCCOCCOC,,LiTFSI,1:4 Li:G4,25,Li2S2,15,True,86,,"Liu et al., Joule 5, 2323 (2021), Table 1"
J21-10,Li(G4)4-TFSI,MSE,G4,COCCOCCOCCOCCOC,,LiTFSI,1:4 Li:G4,25,Li2S,1,True,86,,"Liu et al., Joule 5, 2323 (2021), Table 1"
J21-11,Li(THF)4-TFSI,MSE,THF,C1CCOC1,,LiTFSI,1:4 Li:THF,25,S8,4,True,87,,"Liu et al., Joule 5, 2323 (2021), Table 1"
J21-11,Li(THF)4-TFSI,MSE,THF,C1CCOC1,,LiTFSI,1:4 Li:THF,25,Li2S8,1387,False,87,,"Liu et al., Joule 5, 2323 (2021), Table 1"
J21-11,Li(THF)4-TFSI,MSE,THF,C1CCOC1,,LiTFSI,1:4 Li:THF,25,Li2S6,1250,True,87,,"Liu et al., Joule 5, 2323 (2021), Table 1"
J21-11,Li(THF)4-TFSI,MSE,THF,C1CCOC1,,LiTFSI,1:4 Li:THF,25,Li2S4,265,True,87,,"Liu et al., Joule 5, 2323 (2021), Table 1"
J21-11,Li(THF)4-TFSI,MSE,THF,C1CCOC1,,LiTFSI,1:4 Li:THF,25,Li2S2,25,True,87,,"Liu et al., Joule 5, 2323 (2021), Table 1"
J21-12,Li(G3)1-NO3 (4.77 M),MSE,G3,COCCOCCOCCOC,,LiNO3,4.77 M,25,Li2S8,6000,True,80,"value reported as > 6,000","Liu et al., Joule 5, 2323 (2021), Table 1"
J21-13,TTE (70 C),SSE,TTE,FC(F)C(F)(F)OCC(F)(F)C(F)F,,,,70,Li2S6,3.2,False,88,,"Liu et al., Joule 5, 2323 (2021), Table 1"
J21-14,DEME-TFSI,SSE,DEME-TFSI (ionic liquid),,,,,25,S8,0.146,True,"72,73","N,N-diethyl-N-methyl-N-(2-methoxyethyl)ammonium TFSI","Liu et al., Joule 5, 2323 (2021), Table 1"
J21-14,DEME-TFSI,SSE,DEME-TFSI (ionic liquid),,,,,25,Li2S8,52.7,True,"72,73","N,N-diethyl-N-methyl-N-(2-methoxyethyl)ammonium TFSI","Liu et al., Joule 5, 2323 (2021), Table 1"
J21-14,DEME-TFSI,SSE,DEME-TFSI (ionic liquid),,,,,25,Li2S4,65.1,True,"72,73","N,N-diethyl-N-methyl-N-(2-methoxyethyl)ammonium TFSI","Liu et al., Joule 5, 2323 (2021), Table 1"
J21-14,DEME-TFSI,SSE,DEME-TFSI (ionic liquid),,,,,25,Li2S2,46.5,True,"72,73","N,N-diethyl-N-methyl-N-(2-methoxyethyl)ammonium TFSI","Liu et al., Joule 5, 2323 (2021), Table 1"
J21-14,DEME-TFSI,SSE,DEME-TFSI (ionic liquid),,,,,25,Li2S,0.5,True,"72,73","N,N-diethyl-N-methyl-N-(2-methoxyethyl)ammonium TFSI","Liu et al., Joule 5, 2323 (2021), Table 1"
J21-15,C3mpyr-TFSI,SSE,C3mpyr-TFSI (ionic liquid),,,,,25,S8,0.146,True,72,,"Liu et al., Joule 5, 2323 (2021), Table 1"
J21-15,C3mpyr-TFSI,SSE,C3mpyr-TFSI (ionic liquid),,,,,25,Li2S8,89,True,72,,"Liu et al., Joule 5, 2323 (2021), Table 1"
J21-15,C3mpyr-TFSI,SSE,C3mpyr-TFSI (ionic liquid),,,,,25,Li2S4,93,True,72,,"Liu et al., Joule 5, 2323 (2021), Table 1"
J21-15,C3mpyr-TFSI,SSE,C3mpyr-TFSI (ionic liquid),,,,,25,Li2S2,42,True,72,,"Liu et al., Joule 5, 2323 (2021), Table 1"
J21-16,C4mpyr-TFSI,SSE,C4mpyr-TFSI (ionic liquid),,,,,25,S8,0.146,True,72,,"Liu et al., Joule 5, 2323 (2021), Table 1"
J21-16,C4mpyr-TFSI,SSE,C4mpyr-TFSI (ionic liquid),,,,,25,Li2S8,77,True,72,,"Liu et al., Joule 5, 2323 (2021), Table 1"
J21-16,C4mpyr-TFSI,SSE,C4mpyr-TFSI (ionic liquid),,,,,25,Li2S4,80,True,72,,"Liu et al., Joule 5, 2323 (2021), Table 1"
J21-16,C4mpyr-TFSI,SSE,C4mpyr-TFSI (ionic liquid),,,,,25,Li2S2,20,True,72,,"Liu et al., Joule 5, 2323 (2021), Table 1"
J21-17,P2225-TFSI,SSE,P2225-TFSI (ionic liquid),,,,,25,S8,0.7,True,72,triethylpentylphosphonium TFSI,"Liu et al., Joule 5, 2323 (2021), Table 1"
J21-17,P2225-TFSI,SSE,P2225-TFSI (ionic liquid),,,,,25,Li2S8,39,True,72,triethylpentylphosphonium TFSI,"Liu et al., Joule 5, 2323 (2021), Table 1"
J21-17,P2225-TFSI,SSE,P2225-TFSI (ionic liquid),,,,,25,Li2S4,50,True,72,triethylpentylphosphonium TFSI,"Liu et al., Joule 5, 2323 (2021), Table 1"
J21-17,P2225-TFSI,SSE,P2225-TFSI (ionic liquid),,,,,25,Li2S2,17,True,72,triethylpentylphosphonium TFSI,"Liu et al., Joule 5, 2323 (2021), Table 1"
J21-18,C3mpip-TFSI,SSE,C3mpip-TFSI (ionic liquid),,,,,25,S8,0.146,True,72,,"Liu et al., Joule 5, 2323 (2021), Table 1"
J21-18,C3mpip-TFSI,SSE,C3mpip-TFSI (ionic liquid),,,,,25,Li2S8,53,True,72,,"Liu et al., Joule 5, 2323 (2021), Table 1"
J21-18,C3mpip-TFSI,SSE,C3mpip-TFSI (ionic liquid),,,,,25,Li2S4,49,True,72,,"Liu et al., Joule 5, 2323 (2021), Table 1"
J21-18,C3mpip-TFSI,SSE,C3mpip-TFSI (ionic liquid),,,,,25,Li2S2,16,True,72,,"Liu et al., Joule 5, 2323 (2021), Table 1"
J21-19,C4dmim-TFSI,SSE,C4dmim-TFSI (ionic liquid),,,,,25,S8,0.2,True,72,,"Liu et al., Joule 5, 2323 (2021), Table 1"
J21-19,C4dmim-TFSI,SSE,C4dmim-TFSI (ionic liquid),,,,,25,Li2S8,49,True,72,,"Liu et al., Joule 5, 2323 (2021), Table 1"
J21-19,C4dmim-TFSI,SSE,C4dmim-TFSI (ionic liquid),,,,,25,Li2S4,43,True,72,,"Liu et al., Joule 5, 2323 (2021), Table 1"
J21-19,C4dmim-TFSI,SSE,C4dmim-TFSI (ionic liquid),,,,,25,Li2S2,26,True,72,,"Liu et al., Joule 5, 2323 (2021), Table 1"
J21-20,Li(G3)1-TFSI,SSE,G3,COCCOCCOCCOC,,LiTFSI,1:1 Li:G3 (solvate ionic liquid),25,S8,0.5,True,86,Li2S given as < 2,"Liu et al., Joule 5, 2323 (2021), Table 1"
J21-20,Li(G3)1-TFSI,SSE,G3,COCCOCCOCCOC,,LiTFSI,1:1 Li:G3 (solvate ionic liquid),25,Li2S8,29,True,86,Li2S given as < 2,"Liu et al., Joule 5, 2323 (2021), Table 1"
J21-20,Li(G3)1-TFSI,SSE,G3,COCCOCCOCCOC,,LiTFSI,1:1 Li:G3 (solvate ionic liquid),25,Li2S6,40,True,86,Li2S given as < 2,"Liu et al., Joule 5, 2323 (2021), Table 1"
J21-20,Li(G3)1-TFSI,SSE,G3,COCCOCCOCCOC,,LiTFSI,1:1 Li:G3 (solvate ionic liquid),25,Li2S4,31,True,86,Li2S given as < 2,"Liu et al., Joule 5, 2323 (2021), Table 1"
J21-20,Li(G3)1-TFSI,SSE,G3,COCCOCCOCCOC,,LiTFSI,1:1 Li:G3 (solvate ionic liquid),25,Li2S2,15,False,87,Li2S given as < 2,"Liu et al., Joule 5, 2323 (2021), Table 1"
J21-20,Li(G3)1-TFSI,SSE,G3,COCCOCCOCCOC,,LiTFSI,1:1 Li:G3 (solvate ionic liquid),25,Li2S,2,True,86,Li2S given as < 2,"Liu et al., Joule 5, 2323 (2021), Table 1"
J21-21,Li(G4)1-TFSI,SSE,G4,COCCOCCOCCOCCOC,,LiTFSI,1:1 Li:G4 (solvate ionic liquid),25,S8,0.6,True,86,,"Liu et al., Joule 5, 2323 (2021), Table 1"
J21-21,Li(G4)1-TFSI,SSE,G4,COCCOCCOCCOCCOC,,LiTFSI,1:1 Li:G4 (solvate ionic liquid),25,Li2S8,62,True,86,,"Liu et al., Joule 5, 2323 (2021), Table 1"
J21-21,Li(G4)1-TFSI,SSE,G4,COCCOCCOCCOCCOC,,LiTFSI,1:1 Li:G4 (solvate ionic liquid),25,Li2S4,34,True,86,,"Liu et al., Joule 5, 2323 (2021), Table 1"
J21-21,Li(G4)1-TFSI,SSE,G4,COCCOCCOCCOCCOC,,LiTFSI,1:1 Li:G4 (solvate ionic liquid),25,Li2S2,17,True,86,,"Liu et al., Joule 5, 2323 (2021), Table 1"
J21-21,Li(G4)1-TFSI,SSE,G4,COCCOCCOCCOCCOC,,LiTFSI,1:1 Li:G4 (solvate ionic liquid),25,Li2S,1,True,86,,"Liu et al., Joule 5, 2323 (2021), Table 1"
J21-22,Li(G4)1-TFSI/HFE (1:4 mol),SSE,G4,COCCOCCOCCOCCOC,HFE,LiTFSI,"1:1 Li:G4, diluted 1:4 with HFE",25,S8,0.1,True,86,,"Liu et al., Joule 5, 2323 (2021), Table 1"
J21-22,Li(G4)1-TFSI/HFE (1:4 mol),SSE,G4,COCCOCCOCCOCCOC,HFE,LiTFSI,"1:1 Li:G4, diluted 1:4 with HFE",25,Li2S8,10,True,86,,"Liu et al., Joule 5, 2323 (2021), Table 1"
J21-22,Li(G4)1-TFSI/HFE (1:4 mol),SSE,G4,COCCOCCOCCOCCOC,HFE,LiTFSI,"1:1 Li:G4, diluted 1:4 with HFE",25,Li2S4,6,True,86,,"Liu et al., Joule 5, 2323 (2021), Table 1"
J21-22,Li(G4)1-TFSI/HFE (1:4 mol),SSE,G4,COCCOCCOCCOCCOC,HFE,LiTFSI,"1:1 Li:G4, diluted 1:4 with HFE",25,Li2S2,9,True,86,,"Liu et al., Joule 5, 2323 (2021), Table 1"
J21-22,Li(G4)1-TFSI/HFE (1:4 mol),SSE,G4,COCCOCCOCCOCCOC,HFE,LiTFSI,"1:1 Li:G4, diluted 1:4 with HFE",25,Li2S,1,True,86,,"Liu et al., Joule 5, 2323 (2021), Table 1"
J21-23,Li(G2)4/3-TFSI,SSE,G2,COCCOCCOC,,LiTFSI,1:4/3 Li:G2,25,Li2S8,61,False,87,G2 = diglyme,"Liu et al., Joule 5, 2323 (2021), Table 1"
J21-23,Li(G2)4/3-TFSI,SSE,G2,COCCOCCOC,,LiTFSI,1:4/3 Li:G2,25,Li2S6,17,True,87,G2 = diglyme,"Liu et al., Joule 5, 2323 (2021), Table 1"
J21-23,Li(G2)4/3-TFSI,SSE,G2,COCCOCCOC,,LiTFSI,1:4/3 Li:G2,25,Li2S4,17,True,87,G2 = diglyme,"Liu et al., Joule 5, 2323 (2021), Table 1"
J21-23,Li(G2)4/3-TFSI,SSE,G2,COCCOCCOC,,LiTFSI,1:4/3 Li:G2,25,Li2S2,15,True,87,G2 = diglyme,"Liu et al., Joule 5, 2323 (2021), Table 1"
J21-24,Li(G1)2-TFSI,SSE,G1,COCCOC,,LiTFSI,1:2 Li:G1,25,Li2S8,201,False,87,G1 = DME,"Liu et al., Joule 5, 2323 (2021), Table 1"
J21-24,Li(G1)2-TFSI,SSE,G1,COCCOC,,LiTFSI,1:2 Li:G1,25,Li2S6,160,True,87,G1 = DME,"Liu et al., Joule 5, 2323 (2021), Table 1"
J21-24,Li(G1)2-TFSI,SSE,G1,COCCOC,,LiTFSI,1:2 Li:G1,25,Li2S4,165,True,87,G1 = DME,"Liu et al., Joule 5, 2323 (2021), Table 1"
J21-24,Li(G1)2-TFSI,SSE,G1,COCCOC,,LiTFSI,1:2 Li:G1,25,Li2S2,17,True,87,G1 = DME,"Liu et al., Joule 5, 2323 (2021), Table 1"
J21-25,1.5 M LiTFSI in tetramethylene sulfone/TTE (1:1 v/v),SSE,tetramethylene sulfone,O=S1(=O)CCCC1,TTE,LiTFSI,1.5 M,25,Li2S8,264,False,89,,"Liu et al., Joule 5, 2323 (2021), Table 1"
J21-26,0.64 M LiTFSI in DEME-TFSI,SSE,DEME-TFSI (ionic liquid),,,LiTFSI,0.64 M,25,S8,0.11,False,73,,"Liu et al., Joule 5, 2323 (2021), Table 1"
J21-26,0.64 M LiTFSI in DEME-TFSI,SSE,DEME-TFSI (ionic liquid),,,LiTFSI,0.64 M,25,Li2S8,6.96,False,73,,"Liu et al., Joule 5, 2323 (2021), Table 1"
J21-26,0.64 M LiTFSI in DEME-TFSI,SSE,DEME-TFSI (ionic liquid),,,LiTFSI,0.64 M,25,Li2S4,10.2,False,73,,"Liu et al., Joule 5, 2323 (2021), Table 1"
J21-26,0.64 M LiTFSI in DEME-TFSI,SSE,DEME-TFSI (ionic liquid),,,LiTFSI,0.64 M,25,Li2S2,5.04,False,73,,"Liu et al., Joule 5, 2323 (2021), Table 1"
J21-26,0.64 M LiTFSI in DEME-TFSI,SSE,DEME-TFSI (ionic liquid),,,LiTFSI,0.64 M,25,Li2S,0.5,False,73,,"Liu et al., Joule 5, 2323 (2021), Table 1"
J21-27,(ACN)2-LiTFSI/TTE (1:1 v/v) (70 C),SSE,ACN,CC#N,TTE,LiTFSI,"1:2 Li:ACN, 1:1 v/v with TTE",70,Li2S6,5.82,False,88,,"Liu et al., Joule 5, 2323 (2021), Table 1"
J21-28,1 M LiTDI in DOL/DME (1:1 v/v) (30 C),SSE,DOL/DME,C1COCO1.COCCOC,,LiTDI,1 M,30,Li2S8,672,False,85,,"Liu et al., Joule 5, 2323 (2021), Table 1"
J21-29,2 M LiTFSI in HME/DOL (9:1 v/v),SSE,HME/DOL,,,LiTFSI,2 M,25,Li2S8,400,False,90,HME abbreviation to confirm in the review,"Liu et al., Joule 5, 2323 (2021), Table 1"
J21-30,G2:LiTFSI (0.8:1 mol) (25 C),SSE,G2,COCCOCCOC,,LiTFSI,0.8:1 G2:Li,25,Li2S6,12.8,False,59,,"Liu et al., Joule 5, 2323 (2021), Table 1"
J21-31,G2:LiTFSI (0.8:1 mol) (55 C),SSE,G2,COCCOCCOC,,LiTFSI,0.8:1 G2:Li,55,Li2S6,30.5,False,59,,"Liu et al., Joule 5, 2323 (2021), Table 1"
J21-32,(SL)2-LiTFSI (2.97 M),SSE,SL,O=S1(=O)CCCC1,,LiTFSI,2.97 M (1:2 Li:sulfolane),25,Li2S8,52,True,91,,"Liu et al., Joule 5, 2323 (2021), Table 1"
J21-33,(SL)2-LiTFSI/HFE (1:4 mol),SSE,SL,O=S1(=O)CCCC1,HFE,LiTFSI,"1:2 Li:SL, diluted 1:4 with HFE",25,Li2S8,1,True,91,,"Liu et al., Joule 5, 2323 (2021), Table 1"
J21-34,TMU/DOL (1:1 v/v),HSE,TMU/DOL,CN(C)C(=O)N(C)C.C1COCO1,,,,25,Li2S8,10500,False,71,TMU = tetramethylurea,"Liu et al., Joule 5, 2323 (2021), Table 1"
J21-34,TMU/DOL (1:1 v/v),HSE,TMU/DOL,CN(C)C(=O)N(C)C.C1COCO1,,,,25,Li2S4,4000,False,71,TMU = tetramethylurea,"Liu et al., Joule 5, 2323 (2021), Table 1"
J21-35,CPL/acetamide (1:1 mol),HSE,CPL/acetamide,O=C1CCCCCN1.CC(N)=O,,,,25,S8,15,False,92,Li2S3 given as '-',"Liu et al., Joule 5, 2323 (2021), Table 1"
J21-35,CPL/acetamide (1:1 mol),HSE,CPL/acetamide,O=C1CCCCCN1.CC(N)=O,,,,25,Li2S8,5600,False,92,Li2S3 given as '-',"Liu et al., Joule 5, 2323 (2021), Table 1"
J21-35,CPL/acetamide (1:1 mol),HSE,CPL/acetamide,O=C1CCCCCN1.CC(N)=O,,,,25,Li2S6,4200,False,92,Li2S3 given as '-',"Liu et al., Joule 5, 2323 (2021), Table 1"
J21-35,CPL/acetamide (1:1 mol),HSE,CPL/acetamide,O=C1CCCCCN1.CC(N)=O,,,,25,Li2S4,2800,False,92,Li2S3 given as '-',"Liu et al., Joule 5, 2323 (2021), Table 1"
J21-35,CPL/acetamide (1:1 mol),HSE,CPL/acetamide,O=C1CCCCCN1.CC(N)=O,,,,25,Li2S2,1400,False,92,Li2S3 given as '-',"Liu et al., Joule 5, 2323 (2021), Table 1"
J21-35,CPL/acetamide (1:1 mol),HSE,CPL/acetamide,O=C1CCCCCN1.CC(N)=O,,,,25,Li2S,700,False,92,Li2S3 given as '-',"Liu et al., Joule 5, 2323 (2021), Table 1"
J21-36,CPL/acetamide : DOL/DME (1:1 v/v),HSE,CPL/acetamide + DOL/DME,O=C1CCCCCN1.CC(N)=O.C1COCO1.COCCOC,,,,25,Li2S8,5000,False,92,,"Liu et al., Joule 5, 2323 (2021), Table 1"
J21-36,CPL/acetamide : DOL/DME (1:1 v/v),HSE,CPL/acetamide + DOL/DME,O=C1CCCCCN1.CC(N)=O.C1COCO1.COCCOC,,,,25,Li2S6,4000,False,92,,"Liu et al., Joule 5, 2323 (2021), Table 1"
J21-36,CPL/acetamide : DOL/DME (1:1 v/v),HSE,CPL/acetamide + DOL/DME,O=C1CCCCCN1.CC(N)=O.C1COCO1.COCCOC,,,,25,Li2S4,1600,False,92,,"Liu et al., Joule 5, 2323 (2021), Table 1"
J21-36,CPL/acetamide : DOL/DME (1:1 v/v),HSE,CPL/acetamide + DOL/DME,O=C1CCCCCN1.CC(N)=O.C1COCO1.COCCOC,,,,25,Li2S2,700,False,92,,"Liu et al., Joule 5, 2323 (2021), Table 1"
J21-36,CPL/acetamide : DOL/DME (1:1 v/v),HSE,CPL/acetamide + DOL/DME,O=C1CCCCCN1.CC(N)=O.C1COCO1.COCCOC,,,,25,Li2S,350,False,92,,"Liu et al., Joule 5, 2323 (2021), Table 1"
J21-37,DMSO30:LiTf (0.5 M LiTf),HSE,DMSO,CS(C)=O,,LiTf,0.5 M,25,Li2S8,10000,True,70,,"Liu et al., Joule 5, 2323 (2021), Table 1"
J21-37,DMSO30:LiTf (0.5 M LiTf),HSE,DMSO,CS(C)=O,,LiTf,0.5 M,25,Li2S6,8000,True,70,,"Liu et al., Joule 5, 2323 (2021), Table 1"
J21-37,DMSO30:LiTf (0.5 M LiTf),HSE,DMSO,CS(C)=O,,LiTf,0.5 M,25,Li2S4,6400,True,70,,"Liu et al., Joule 5, 2323 (2021), Table 1"
J21-37,DMSO30:LiTf (0.5 M LiTf),HSE,DMSO,CS(C)=O,,LiTf,0.5 M,25,Li2S3,3750,True,70,,"Liu et al., Joule 5, 2323 (2021), Table 1"
J21-37,DMSO30:LiTf (0.5 M LiTf),HSE,DMSO,CS(C)=O,,LiTf,0.5 M,25,Li2S2,2600,True,70,,"Liu et al., Joule 5, 2323 (2021), Table 1"
J21-38,DMSO10:NH4NO3,HSE,DMSO,CS(C)=O,,NH4NO3,1:10 NH4NO3:DMSO,25,Li2S8,6000,True,93,,"Liu et al., Joule 5, 2323 (2021), Table 1"
J21-38,DMSO10:NH4NO3,HSE,DMSO,CS(C)=O,,NH4NO3,1:10 NH4NO3:DMSO,25,Li2S6,3000,True,93,,"Liu et al., Joule 5, 2323 (2021), Table 1"
J21-38,DMSO10:NH4NO3,HSE,DMSO,CS(C)=O,,NH4NO3,1:10 NH4NO3:DMSO,25,Li2S3,4700,True,93,,"Liu et al., Joule 5, 2323 (2021), Table 1"
J21-38,DMSO10:NH4NO3,HSE,DMSO,CS(C)=O,,NH4NO3,1:10 NH4NO3:DMSO,25,Li2S2,3600,True,93,,"Liu et al., Joule 5, 2323 (2021), Table 1"
J21-38,DMSO10:NH4NO3,HSE,DMSO,CS(C)=O,,NH4NO3,1:10 NH4NO3:DMSO,25,Li2S,1300,True,93,,"Liu et al., Joule 5, 2323 (2021), Table 1"
J21-39,DMSO,HSE,DMSO,CS(C)=O,,,,25,S8,3.936,False,81,two literature values for Li2S,"Liu et al., Joule 5, 2323 (2021), Table 1"
J21-39,DMSO,HSE,DMSO,CS(C)=O,,,,25,Li2S8,14250,True,70,two literature values for Li2S,"Liu et al., Joule 5, 2323 (2021), Table 1"
J21-39,DMSO,HSE,DMSO,CS(C)=O,,,,25,Li2S6,6000,True,70,two literature values for Li2S,"Liu et al., Joule 5, 2323 (2021), Table 1"
J21-39,DMSO,HSE,DMSO,CS(C)=O,,,,25,Li2S4,1500,True,70,two literature values for Li2S,"Liu et al., Joule 5, 2323 (2021), Table 1"
J21-39,DMSO,HSE,DMSO,CS(C)=O,,,,25,Li2S3,800,True,70,two literature values for Li2S,"Liu et al., Joule 5, 2323 (2021), Table 1"
J21-39,DMSO,HSE,DMSO,CS(C)=O,,,,25,Li2S2,300,True,70,two literature values for Li2S,"Liu et al., Joule 5, 2323 (2021), Table 1"
J21-39,DMSO,HSE,DMSO,CS(C)=O,,,,25,Li2S,0.02,False,61,two literature values for Li2S,"Liu et al., Joule 5, 2323 (2021), Table 1"
J21-39,DMSO,HSE,DMSO,CS(C)=O,,,,25,Li2S,0.14,False,82,two literature values for Li2S,"Liu et al., Joule 5, 2323 (2021), Table 1"
J21-40,DMI,HSE,DMI,CN1CCN(C)C1=O,,,,25,Li2S8,36000,False,84,"DMI = 1,3-dimethyl-2-imidazolidinone","Liu et al., Joule 5, 2323 (2021), Table 1"
J21-41,DMF,HSE,DMF,CN(C)C=O,,,,25,S8,5.944,False,81,,"Liu et al., Joule 5, 2323 (2021), Table 1"
J21-41,DMF,HSE,DMF,CN(C)C=O,,,,25,Li2S8,32000,True,84,,"Liu et al., Joule 5, 2323 (2021), Table 1"
J21-42,DMA,HSE,DMA,CN(C)C(C)=O,,,,25,Li2S8,32000,True,84,"DMA = N,N-dimethylacetamide","Liu et al., Joule 5, 2323 (2021), Table 1"
