name,role,smiles,inchikey,attention_to_DME,note,smiles_manual
methylsulfonylmethane,solvent,CS(C)(=O)=O,HHVIBTZHLRERCL-UHFFFAOYSA-N,0.232,,
"1,1,3,3-tetramethylurea",solvent,CN(C)C(=O)N(C)C,AVQQQNCBBIEMEU-UHFFFAOYSA-N,0.2104,,
"1,1,1,2,2,3,3,4,4-nonafluoro-4-(1,1,2,2,3,3,4,4,4-nonafluorobutoxy)butane",solvent,FC(F)(F)C(F)(F)C(F)(F)C(F)(F)OC(F)(F)C(F)(F)C(F)(F)C(F)(F)F,LOJJTTDNNWYSGX-UHFFFAOYSA-N,0.111,,
"N,N-dimethylnitrous amide",solvent,CN(C)N=O,UMFJAHHVKNCGLG-UHFFFAOYSA-N,0.192,,
"1,1,1,3,3,3-hexafluoro-2-methoxypropane",solvent,COC(C(F)(F)F)C(F)(F)F,VNXYDFNVQBICRO-UHFFFAOYSA-N,0.192,,
trimethyl phosphate,solvent,COP(=O)(OC)OC,WVLBCYQITXONBZ-UHFFFAOYSA-N,0.259,,
1-methoxyhexane,solvent,CCCCCCOC,ICBJCVRQDSQPGI-UHFFFAOYSA-N,0.177,,
1-methylimidazole,solvent,Cn1ccnc1,MCTWTZJPVLRJOU-UHFFFAOYSA-N,0.292,,
4-methoxypyridine,solvent,COc1ccncc1,XQABVLBGNWBWIV-UHFFFAOYSA-N,0.177,,
piperidine-1-carbaldehyde,solvent,O=CN1CCCCC1,FEWLNYSYJNLUOO-UHFFFAOYSA-N,0.269,,
pyridine,solvent,c1ccncc1,JUJWROOIHBZHMG-UHFFFAOYSA-N,0.196,,
4-methylpyridine,solvent,Cc1ccncc1,FKNQCJSGGFJEIZ-UHFFFAOYSA-N,0.181,,
oxolan-2-one,solvent,O=C1CCCO1,YEJRWHAVMIAJKC-UHFFFAOYSA-N,0.232,gamma-butyrolactone,
"3,4-dimethylpyridine",solvent,Cc1ccncc1C,NURQLCJSMXZBPC-UHFFFAOYSA-N,0.174,,
1-ethoxy-2-methoxyethane,solvent,CCOCCOC,CAQYAZNFWDDMIT-UHFFFAOYSA-N,0.192,,
"3-methyl-1,3-oxazolidin-2-one",solvent,CN1CCOC1=O,VWIIJDNADIEEDB-UHFFFAOYSA-N,0.265,,
3-methylpyridine,solvent,Cc1cccnc1,ITQTTZVARXURQS-UHFFFAOYSA-N,0.193,,
"N,N-dimethylbutanamide",solvent,CCCC(=O)N(C)C,VIJUZNJJLALGNJ-UHFFFAOYSA-N,0.239,,
butanedial,solvent,O=CCCC=O,PCSMJKASWLYICJ-UHFFFAOYSA-N,0.235,,
"3,5-dimethylpyridine",solvent,Cc1cncc(C)c1,HWWYDZCSSYKIAD-UHFFFAOYSA-N,0.138,,
"2,4-dimethoxypyrimidine",solvent,COc1ccnc(OC)n1,KEVRHVMWBKFGLO-UHFFFAOYSA-N,0.183,,
dimethyl carbonate,solvent,COC(=O)OC,IEJIGPNLZYLLBP-UHFFFAOYSA-N,0.27,,
hexanedinitrile,solvent,N#CCCCCC#N,BTGRAWJCKBQKAO-UHFFFAOYSA-N,0.252,,
ethoxyethane,solvent,CCOCC,RTZKZFJDLAIYFH-UHFFFAOYSA-N,0.217,diethyl ether,
1-propoxypropane,solvent,CCCOCCC,POLCUAVZOMRGSN-UHFFFAOYSA-N,0.232,,
"1,1,2,2,3,3,4,4-octafluoro-5-(1,1,2,2-tetrafluoroethoxy)pentane",solvent,FC(F)C(F)(F)OCC(F)(F)C(F)(F)C(F)(F)C(F)F,ZNBGTBKGFZMWKR-UHFFFAOYSA-N,0.227,OFE,
"N,N-dimethylacetamide",solvent,CC(=O)N(C)C,FXHOOIRPVKKKFG-UHFFFAOYSA-N,0.237,,
"1,3-dimethylimidazolidin-2-one",solvent,CN1CCN(C)C1=O,CYSGHNMQYZDMIA-UHFFFAOYSA-N,0.222,DMI,
pyridazine,solvent,c1ccnnc1,PBMFSQRYOILNGV-UHFFFAOYSA-N,0.284,,
"1,3-dioxolane",solvent,C1COCO1,WNXJIVFYUVYPPR-UHFFFAOYSA-N,0.214,DOL,
"N,N-diethylformamide",solvent,CCN(C=O)CC,SUAKHGWARZSWIH-UHFFFAOYSA-N,0.258,,
methyl prop-2-enoate,solvent,C=CC(=O)OC,BAPJBEWLBFYGME-UHFFFAOYSA-N,0.232,,
"1,1,2,2,3,3,4,4,5,5,6-undecafluoro-6-(trifluoromethyl)cyclohexane",solvent,FC(F)(F)C1(F)C(F)(F)C(F)(F)C(F)(F)C(F)(F)C1(F)F,QIROQPWSJUXOJC-UHFFFAOYSA-N,0.124,,
diethyl carbonate,solvent,CCOC(=O)OCC,OIFBSDVPJOWBCH-UHFFFAOYSA-N,0.233,,
methylsulfinylmethane,solvent,CS(C)=O,IAZDPXIOMUYVGZ-UHFFFAOYSA-N,0.273,DMSO,
methyl 2-methylpropanoate,solvent,COC(=O)C(C)C,BHIWKHZACMWKOJ-UHFFFAOYSA-N,0.23,,
"methyl 2,2,3,3,4,4,4-heptafluorobutanoate",solvent,COC(=O)C(F)(F)C(F)(F)C(F)(F)F,MRPUVAKBXDBGJQ-UHFFFAOYSA-N,0.215,,
methyl propanoate,solvent,CCC(=O)OC,RJUFJBKOKNCXHH-UHFFFAOYSA-N,0.244,,
methyl 3-methylbut-2-enoate,solvent,COC(=O)C=C(C)C,FZIBCCGGICGWBP-UHFFFAOYSA-N,0.262,,
"1,3-dioxolan-2-one",solvent,O=C1OCCO1,KMTRUDSVKNLOMY-UHFFFAOYSA-N,0.242,ethylene carbonate,
2H-furan-5-one,solvent,O=C1C=CCO1,VIHAEDVKXSOUAT-UHFFFAOYSA-N,0.26,,
cyclohex-2-en-1-one,solvent,O=C1C=CCCC1,FWFSEYBSWVRWGL-UHFFFAOYSA-N,0.216,,
"1,1,1,2,2,3,3,4,4,5,5,6,6,7,7,7-hexadecafluoroheptane",solvent,FC(F)(F)C(F)(F)C(F)(F)C(F)(F)C(F)(F)C(F)(F)C(F)(F)F,LGUZHRODIJCVOC-UHFFFAOYSA-N,0.11,,
morpholine-4-carbaldehyde,solvent,O=CN1CCOCC1,LCEDQNDDFOCWGG-UHFFFAOYSA-N,0.273,,
4-ethylpyridine,solvent,CCc1ccncc1,VJXRKZJMGVSXPX-UHFFFAOYSA-N,0.169,,
N-[bis(dimethylamino)phosphoryl]-N-methylmethanamine,solvent,CN(C)P(=O)(N(C)C)N(C)C,GNOIPBMMFNIUFM-UHFFFAOYSA-N,0.264,HMPA,
acetonitrile,solvent,CC#N,WEVYAHXRMPXWCK-UHFFFAOYSA-N,0.244,,
"thiolane 1,1-dioxide",solvent,O=S1(=O)CCCC1,HXJUTPCZVOIRIF-UHFFFAOYSA-N,0.229,sulfolane,
2-methyloxolane,solvent,CC1CCCO1,JWUJQDFVADABEY-UHFFFAOYSA-N,0.204,2-MeTHF,
1-piperidin-1-ylethanone,solvent,CC(=O)N1CCCCC1,KDISMIMTGUMORD-UHFFFAOYSA-N,0.263,,
2-ethoxy-2-methylpropane,solvent,CCOC(C)(C)C,NUMQCACRALPSHD-UHFFFAOYSA-N,0.2037,ETBE,
methyl but-2-enoate,solvent,CC=CC(=O)OC,MCVVUJPXSBQTRZ-UHFFFAOYSA-N,0.231,,
thiolane 1-oxide,solvent,O=S1CCCC1,ISXOBTBCNRIIQO-UHFFFAOYSA-N,0.274,,
"4-fluoro-1,3-dioxolan-2-one",solvent,O=C1OCC(F)O1,SBLRHMKNNHXPHG-UHFFFAOYSA-N,0.311,FEC,
"1,1,1,2,2,3,3,4,4,5,5,6,6,7,7,8,8,8-octadecafluorooctane",solvent,FC(F)(F)C(F)(F)C(F)(F)C(F)(F)C(F)(F)C(F)(F)C(F)(F)C(F)(F)F,YVBBRRALBYAZBM-UHFFFAOYSA-N,0.122,,
"1,1,2,2,2-pentafluoro-N,N-bis(1,1,2,2,2-pentafluoroethyl)ethanamine",solvent,FC(F)(F)C(F)(F)N(C(F)(F)C(F)(F)F)C(F)(F)C(F)(F)F,CBEFDCMSEZEGCX-UHFFFAOYSA-N,0.119,,
pentanedinitrile,solvent,N#CCCCC#N,ZTOMUSMDRMJOTH-UHFFFAOYSA-N,0.263,,
pyrimidine,solvent,c1cncnc1,CZPWVGJYEJSRLH-UHFFFAOYSA-N,0.2034,,
methyl 2-methylprop-2-enoate,solvent,C=C(C)C(=O)OC,VVQNEPGJFQJSBK-UHFFFAOYSA-N,0.231,,
ethyl methyl carbonate,solvent,CCOC(=O)OC,JBTWLSYIZRCDFO-UHFFFAOYSA-N,0.254,,
"1,2-dimethoxyethane",solvent,COCCOC,XTHFKEDIFFGKHM-UHFFFAOYSA-N,0.154,DME,
2-methoxy-2-methylpropane,solvent,COC(C)(C)C,BZLVMXJERCGZMT-UHFFFAOYSA-N,0.232,MTBE,
2-propan-2-yloxypropane,solvent,CC(C)OC(C)C,ZAFNJMIOTHYJRJ-UHFFFAOYSA-N,0.177,diisopropyl ether,
"3-methylthiolane 1,1-dioxide",solvent,CC1CCS(=O)(=O)C1,CMJLMPKFQPJDKP-UHFFFAOYSA-N,0.2019,,
"N,N-dimethylpropanamide",solvent,CCC(=O)N(C)C,MBHINSULENHCMF-UHFFFAOYSA-N,0.2369,,
1-butoxybutane,solvent,CCCCOCCCC,DURPTKYDGMDSBL-UHFFFAOYSA-N,0.152,dibutyl ether,
methyl 2-cyanoacetate,solvent,COC(=O)CC#N,ANGDWNBGPBMQHW-UHFFFAOYSA-N,0.262,,
methyl 3-oxobutanoate,solvent,COC(=O)CC(C)=O,WRQNANDWMGAFTP-UHFFFAOYSA-N,0.211,,
"N,N-dimethylformamide",solvent,CN(C)C=O,ZMXDDKWLCZADIW-UHFFFAOYSA-N,,DMF; score not listed in Table S1,
"1,1,2,2-tetrafluoro-1-(2,2,2-trifluoroethoxy)ethane",anti_solvent,FC(F)C(F)(F)OCC(F)(F)F,CWIFAKBLLXGZIC-UHFFFAOYSA-N,0.214,,
"1,1,2,2-tetrafluoro-3-(1,1,2,2-tetrafluoroethoxy)propane",anti_solvent,FC(F)C(F)(F)COC(F)(F)C(F)F,HCBRSIIGBBDDCD-UHFFFAOYSA-N,0.215,TTE,
2-methylfuran,anti_solvent,Cc1ccco1,VQKFNUFAXTZWDK-UHFFFAOYSA-N,0.133,,
"1,1,1-trifluoro-2-(2,2,2-trifluoroethoxy)ethane",anti_solvent,FC(F)(F)COCC(F)(F)F,KGPPDNUWZNWPSI-UHFFFAOYSA-N,0.17,,
1-ethoxypropane,anti_solvent,CCCOCC,NVJUHMXYKCUMQA-UHFFFAOYSA-N,0.125,,
lithium;bis(trifluoromethylsulfonyl)azanide,salt,O=S(=O)([N-]S(=O)(=O)C(F)(F)F)C(F)(F)F.[Li+],QSZMZKBZAYQGRS-UHFFFAOYSA-N,0.171,LiTFSI,[Li+].O=S(=O)(C(F)(F)F)[N-]S(=O)(=O)C(F)(F)F
lithium;bis(fluorosulfonyl)azanide,salt,O=S(=O)(F)[N-]S(=O)(=O)F.[Li+],VDVLPSWVDYJFRW-UHFFFAOYSA-N,0.16,LiFSI,[Li+].O=S(=O)(F)[N-]S(=O)(=O)F
lithium;nitrate,additive,O=[N+]([O-])[O-].[Li+],IIPYXGDZVMZOAP-UHFFFAOYSA-N,0.124,LiNO3,[Li+].[O-][N+](=O)[O-]
